name,price,original_price,status,landing_category,cpu,ram,ssd,gpu,screen_size,resolution,refresh_rate,battery,brand,sku,url
"Laptop Acer Aspire Go 15 AG15 72P 54GY (Intel Core 5/ 16GB/ 512GB/ Intel UHD/ 15.6"" FHD/ Win 11)",19490000,23990000,Còn hàng,Laptop Văn Phòng,Intel® Core™ 5 120U (10 lõi / 12 luồng / 3.8 GHz - 5 GHz / 12 MB Intel Smart Cache),16 GB,512 GB,Intel® UHD Graphics,Full HD (1920 x 1080) IPS;Acer ComfyView;SlimBezel,,60 Hz,,ACER,LAP-ACER-ASPIRE-GO-AG15-72P-54GY,https://gearvn.com/products/laptop-acer-aspire-go-15-ai-ag15-72p-54gy
"Laptop gaming Acer Nitro ProPanel ANV15-52-50VA (Core 5-210H/ RTX 3050/ 16GB/ 512GB/ 15.6"" FHD/ Win 11)",27890000,29990000,Còn hàng,"Laptop Văn Phòng, Laptop Gaming","Intel Core 5 210H (8 lõi / 12 luồng, Efficient-core Max Turbo Frequency :3.6 GHz, Max Turbo Frequency : 4.8GHz, 12 MB Intel Smart Cache)",16 GB,512 GB,NVIDIA GeForce RTX 3050 6 GB GDDR6 VRAM,15.6 inch,FullHD (1920 x 1080),180 Hz,57 Wh 4-cell Li-ion batter,ACER,LAP-ACER-NITRO-V-ANV15-52-50VA,https://gearvn.com/products/laptop-gaming-acer-nitro-v-15-propanel-anv15-52-50va
Laptop gaming Acer Nitro Lite NL16-71G-71FN (I7-13620H/ RTX 4050/ 16GB/ 512GB/ Win 11),29290000,31990000,Hết hàng,"Laptop Văn Phòng, Laptop Gaming","Intel Core i7-13620H (10 nhân, 16 luồng, Turbo tối đa Efficient-core: 3.6 GHz, Performance-core: 4.9 GHz, 24 MB Smart Cache)",16 GB,512 GB,"NVIDIA GeForce RTX 4050 6 GB GDDR6 VRAM, hỗ trợ 2560 NVIDIA CUDA Cores",16 inch,1920 x 1200 Pixels,180 Hz,"53Wh 3-cell Li-ion battery, 100W TypeC adapter",ACER,LAP-ACER-NITRO-LITE-NL16-71G-71FN,https://gearvn.com/products/laptop-gaming-acer-nitro-lite-nl16-71g-71fn
"Laptop gaming Acer Nitro V15 ANV15-41-R732 (Ryzen 5 6600H/ RTX 4050/ 16GB/ 512GB/ 15.6"" FHD/ Win 11)",25490000,30990000,Còn hàng,"Laptop Văn Phòng, Laptop Gaming","AMD Ryzen 5 6600H (6 lõi / 12 luồng, 3.3 GHz - 4.5 GHz / 3 MB L2 cache, up to 16 MB L3 cache), 194 TOPs",16 GB,512 GB,"NVIDIA GeForce RTX 4050 6 GB GDDR6 VRAM, hỗ trợ 2560 NVIDIA CUDA Cores",15.6 inch,Full HD (1920 x 1080),165 Hz,57Whr 4-cell;135W 5.5PHY Adapter,ACER,LAP-ACER-NITRO-V-ANV15-41-R732,https://gearvn.com/products/laptop-gaming-acer-nitro-propanel-anv15-41-r732
"Laptop Acer Swift Go 14 AI SFG14-75-5264 (Ultra 5-226V/ 16GB/ 512GB/ 14.0"" FHD+ OLED/ Win 11)",27990000,30990000,Còn hàng,Laptop Văn Phòng,Intel Core Ultra 5 226V,16 GB,512 GB,Intel Arc,OLED (2.8K / 4K / General),,,,ACER,LAP-ACER-SWIFT-GO-14-AI-SFG14-75-5264,https://gearvn.com/products/laptop-acer-swift-go-14-ai-sfg14-75-5264
"Laptop Asus ExpertBook P1403CVA-C5H16-50W (Core 5-210H/ 16GB/ 512GB/ 14"" FHD/ Win 11)",23380000,27990000,Còn hàng,Laptop Văn Phòng,"Intel® Core™ 5 Processor 210H (2.7 GHz up to 5.0 GHz, 24MB Cache, 10 nhân, 12 luồng)",16 GB,512 GB,Intel® UHD Graphics,IPS / FHD,,,,ASUS,LAP-ASUS-EXPERT-P1403CVA-C5H16-50W,https://gearvn.com/products/laptop-asus-expertbook-p1403cva-c5h16-50w
"Laptop gaming Acer Nitro Lite 16 NL16 71G 56WQ (I5-13420H/ RTX 3050/ 16GB/ 512GB/ 16"" FHD+/ Win 11)",24490000,28190000,Hết hàng,"Laptop Văn Phòng, Laptop Gaming","Intel Core i5-13420H (8 lõi / 12 luồng, Tần số Turbo tối đa của E-core: 3.4 GHz, Tần số Turbo tối đa của P-core: 4.6 GHz, 12 MB Intel Smart Cache)",16 GB,512 GB,"NVIDIA GeForce RTX 3050 với 6 GB VRAM GDDR6 chuyên dụng, hỗ trợ 2560 lõi NVIDIA CUDA",16 inch,Full HD (1920 x 1200),165 Hz,,ACER,LAP-ACER-NITRO-LITE-16-NL16-71G-56WQ,https://gearvn.com/products/laptop-gaming-acer-nitro-lite-16-nl16-71g-56wq
Laptop gaming Acer Nitro ProPanel ANV15-52-72BM (I7-13620H/ RTX 5050/ 16GB/ 512GB/ Win 11),34890000,39990000,Còn hàng,"Laptop Văn Phòng, Laptop Gaming","Intel Core i7-13620H (10 lõi / 16 luồng, Tần số Turbo tối đa của E-core: 3.6 GHz, Tần số Turbo tối đa của P-core: 4.9 GHz, 24 MB Intel Smart Cache)",16 GB,512 GB,NVIDIA GeForce RTX 5050,15.6 inch,"15.6"" FHD (1920x1200) IPS, 180Hz, 300nits, 100% sRGB, Acer ComfyView™, LED-backlit TFT LCD, Wide viewing angle up to 170 degrees",180 Hz,76Wh 4-cell Li-ion battery 135W 5.5PHY Adapter,ACER,LAP-ACER-NITRO-V-PRO-ANV15-52-72BM,https://gearvn.com/products/laptop-gaming-acer-nitro-v-propanel-anv15-52-72bm
"Laptop gaming Lenovo LOQ 15IRX9 83DV01ALVN (I7-13650HX/ RTX 4050 6GB/ 16GB/ 512GB/ 15.6"" FHD/ Win 11)",42690000,45990000,Còn hàng,"Laptop Văn Phòng, Laptop Gaming","Intel Core i7-13650HX, 14 lõi (6P + 8E) / 20 luồng, P-core 2.6 / 4.9GHz, E-core 1.9 / 3.6GHz, 24MB",16 GB,512 GB,"NVIDIA GeForce RTX 4050 6GB GDDR6, Boost Clock 2370MHz, TGP 105W, 194 AI TOPS",15 inch,FHD (1920x1080),144 Hz,3 Cells,LENOVO,LAP-LEN-LOQ-15IRX9-83DV01ALVN,https://gearvn.com/products/laptop-gaming-lenovo-loq-15irx9-83dv01alvn
"Laptop gaming MSI Katana 15 B13VEK-2440VN (I7-13620H/ RTX 4050/ 16GB/ 1TB/ 15.6"" FHD/ Win 11)",34890000,35990000,Còn hàng,"Laptop Văn Phòng, Laptop Gaming","Intel Core i7-13620H (Turbo Boost up to 4.9 GHz / 24MB / 10 nhân, 16 luồng)",16 GB,1024 GB,Geforce RTX 4050 6GB,15.6 inch,FHD (1920 x 1080),144 Hz,3 Cell 53.5 Battery (Whr),MSI,LAP-MSI-KATANA-15-B13VEK-2440VN,https://gearvn.com/products/laptop-gaming-msi-katana-15-b13vek-2440vn
Laptop MSI Prestige 13 AI Evo A1MG 062VN,32990000,39990000,Hết hàng,Laptop Văn Phòng,Intel Core Ultra 7 155H,32 GB,1024 GB,Intel Arc,OLED (2.8K / 4K / General),,,,MSI,LAP-MSI-PRES-13-AI-EVO-A1MG-062VN,https://gearvn.com/products/laptop-msi-prestige-13-ai-evo-a1mg-062vn
Laptop Acer Aspire Lite 15 AL15-48P-R5MN (Ryzen 5 5625U/ 8GB/ 512GB/ Win 11),16490000,16990000,Còn hàng,Laptop Văn Phòng,"AMD Ryzen 5-5625U (6 lõi / 12 luồng, 2.3 GHz - 4.3 GHz, 16 MB Intel Smart Cache)",8 GB,512 GB,AMD Radeon Graphics,Tấm nền IPS,,60 Hz,,ACER,LAP-ACER-ASPIRE-LITE-AL15-48P-R5MN,https://gearvn.com/products/laptop-acer-aspire-lite-15-al15-48p-r5mn
"Laptop gaming Acer Aspire 7 A715-59G-59RD (Core 5-210H/ RTX 3050 4GB/ 16GB/ 512GB/ 15.6"" FHD/ Win 11)",25890000,27990000,Còn hàng,"Laptop Văn Phòng, Laptop Gaming",Core 5-210H,4 GB,4GB,RTX 3050,15.6 inch,,,,ACER,LAP-ACER-ASPIRE-7-A715-59G-59RD,https://gearvn.com/products/laptop-gaming-acer-aspire-7-a715-59g-59rd
"Laptop gaming Acer Aspire 7 A715-59G-53GZ (Core 5-210H/ RTX 3050 6GB/ 16GB/ 512GB/ 15.6"" FHD/ Win 11)",25990000,26990000,Còn hàng,"Laptop Văn Phòng, Laptop Gaming","Intel Core 5-210H (8 lõi / 12 luồng, 2.2 GHz - 4.8 GHz, 12 MB Intel Smart Cache)",16 GB,512 GB,NVIDIA GeForce RTX 3050 6 GB GDDR6;2560 NVIDIA CUDA Cores,15.6 inch,Full HD (1920 x 1080);Màn hình LCD TFT đèn nền LED Acer ComfyView;Góc nhìn rộng,144 Hz,54.8Wh 4-cell Li-ion battery 150W adapter,ACER,LAP-ACER-ASPIRE-7-A715-59G-53GZ,https://gearvn.com/products/laptop-gaming-acer-aspire-7-a715-59g-53gz
"Laptop gaming Acer Nitro Lite 16 NL16-71G-71UJ (I7-13620H/ RTX 3050 6GB/ 16GB/ 512GB/ 16.0"" FHD+/ Win 11)",26990000,30090000,Còn hàng,"Laptop Văn Phòng, Laptop Gaming",Intel Core i7 Raptor Lake - 13620H,16 GB,512 GB,NVIDIA GeForce RTX 3050 6GB GDDR6,16 inch,Full HD (1920x1080),165 Hz,3,ACER,LAP-ACER-NITRO-LITE-16-NL16-71G-71UJ,https://gearvn.com/products/laptop-gaming-acer-nitro-lite-16-nl16-71g-71uj
"Laptop gaming Asus V16 V3607VH-RP084W (Core 5-210H/ RTX 5050 8GB/ 16GB/ 512GB/ 16"" WUXGA/ Win 11)",27540000,30300000,Hết hàng,"Laptop Văn Phòng, Laptop Gaming",Intel Core 5 210H (8 lõi / 12 luồng / 2.2 GHz - 4.8 GHz / 12 MB Cache),16 GB,512 GB,NVIDIA GeForce RTX 5050 8GB GDDR7,16 inch,WUXGA (1920 x 1200),144 Hz,63WHrs 3-cell Li-ion; 150W adapter,ASUS,LAP-ASUS-V16-V3607VH-RP084W,https://gearvn.com/products/laptop-gaming-asus-gaming-v16-v3607vh-rp084w
Laptop gaming Acer Nitro ProPanel AN16S-61-R5F4 (Ryzen AI 7 350/ RTX 5060/ 16GB/ 512GB/ Win 11),48890000,50990000,Còn hàng,"Laptop Văn Phòng, Laptop Gaming",AMD Ryzen™ AI 7 350,16 GB,512 GB,NVIDIA® GeForce RTX™ 5060 8GB GDDR7,16 inch,16 inch FHD+ (1920x1200),180 Hz,,ACER,LAP-ACER-NITRO-V-PRO-AN16S-61-R5F4,https://gearvn.com/products/laptop-gaming-acer-gaming-nitro-v-propanel-an16s-61-r5f4
"Laptop gaming Acer Nitro ProPanel AN16S-61-R7ZJ (Ryzen AI 7 350/ RTX 5060 8GB/ 16GB/ 512GB/ 16.0"" 2K+/ Win 11)",49990000,51990000,Còn hàng,"Laptop Văn Phòng, Laptop Gaming","AMD Ryzen™ AI 7-350 (2.00GHz up to 5.00GHz, 16MB Cache)",16 GB,512 GB,NVIDIA® GeForce RTX™ 5060 8GB (TGP: 100W – MGP: 115W);Hỗ trợ NVIDIA Advanced Optimus,16 inch,2K+(2560x1600),180 Hz,4Cell 76Wh,ACER,LAP-ACER-NITRO-AN16S-61-R7ZJ,https://gearvn.com/products/laptop-gaming-acer-nitro-propanel-an16s-61-r7zj
"Laptop gaming Acer Nitro ProPanel ANV15-42-R5EF (Ryzen 5 7640HS/ RTX 4050 6GB/ 16GB/ 512GB/ 15.6"" FHD/ Win 11)",33590000,34990000,Còn hàng,"Laptop Văn Phòng, Laptop Gaming","AMD Ryzen™ 5-7640HS (Up to 5.0 GHz / 22MB / 6 nhân, 12 luồng)",16 GB,512 GB,NVIDIA® GeForce RTX™ 4050 with 6GB of dedicated GDDR6 VRAM,15.6 inch,FHD (1920x1080),180 Hz,57 Wh 4-cell Li-ion batter;135W 5.5PHY Adapter,ACER,LAP-ACER-NITRO-V-ANV15-42-R5EF,https://gearvn.com/products/laptop-gaming-acer-nitro-propanel-anv15-42-r5ef
"Laptop gaming Acer Nitro ProPanel ANV15-42-R9EH (Ryzen 7 7445HS/ RTX 4050 6GB/ 16GB/ 512GB/ 15.6"" FHD/ Win 11)",34490000,38990000,Còn hàng,"Laptop Văn Phòng, Laptop Gaming","AMD Ryzen™ 7 7445HS (Up to 4.7 GHz / 22MB / 6 nhân, 12 luồng)",16 GB,512 GB,NVIDIA® GeForce RTX™ 4050 with 6GB of dedicated GDDR6 VRAM,15.6 inch,FHD (1920x1080),180 Hz,57 Wh 4-cell Li-ion batter;135W 5.5PHY Adapter,ACER,LAP-ACER-NITRO-V-ANV15-42-R9EH,https://gearvn.com/products/laptop-gaming-acer-nitro-propanel-anv15-42-r9eh
"Laptop gaming Acer Nitro ProPanel ANV15-52-50RB (Core 5-210H/ RTX 4050 6GB/ 16GB/ 512GB/ 15.6"" FHD/ Win 11)",33490000,33990000,Còn hàng,"Laptop Văn Phòng, Laptop Gaming","Intel Core 5 210H (8 lõi / 12 luồng, Efficient-core Max Turbo Frequency: 3.6 GHz, Max Turbo Frequency: 4.8 GHz, Bộ nhớ đệm Intel Smart Cache: 12 MB)",16 GB,512 GB,"NVIDIA GeForce RTX 4050 6 GB GDDR6 VRAM, hỗ trợ 2560 NVIDIA CUDA Cores",15.6 inch,FHD (1920 x 1080),180 Hz,57 Wh 4-cell Li-ion batter;135W 5.5PHY Adapter,ACER,LAP-ACER-NITRO-V-ANV15-52-50RB,https://gearvn.com/products/laptop-gaming-acer-nitro-v-15-propanel-anv15-52-50rb
"Laptop gaming Acer Nitro ProPanel ANV15-52-556L (Core 5-210H/ RTX 5050 8GB/ 16GB/ 512GB/ 15.6"" FHD/ Win 11)",35990000,36990000,Còn hàng,"Laptop Văn Phòng, Laptop Gaming",Core 5-210H,8 GB,8GB,RTX 5050,15.6 inch,,,,ACER,LAP-ACER-NITRO-ANV15-52-556L,https://gearvn.com/products/laptop-gaming-acer-nitro-propanel-anv15-52-556l
"Laptop gaming ASUS TUF Gaming A14 FA401GM-RG013W (Ryzen AI 9 465/ RTX 5060 8GB/ 32GB/ 1TB/ 14"" WQXGA 165Hz/ Win 11)",53140000,58460000,Còn hàng,"Laptop Văn Phòng, Laptop Gaming",AMD Ryzen AI 9 465 (10 lõi / 20 luồng / 2.0 GHz - 5.0 GHz / 34 MB Cache); AMD XDNA NPU up to 50 TOPS,32 GB,1024 GB,NVIDIA GeForce RTX 5060 8GB GDDR7,14 inch,2.5K (2560 x 1600),165 Hz,73WHrs 4-cell Li-ion; 200W adapter,ASUS,LAP-ASUS-TUF-A14-FA401GM-RG013W,https://gearvn.com/products/laptop-gaming-asus-tuf-gaming-a14-fa401gm-rg013w
"Laptop gaming Acer Nitro ProPanel AN16S-61-R9CN (Ryzen AI 7 350/ RTX 5070 8GB/ 16GB/ 512GB/ 16.0"" 2K+/ Win 11)",53990000,62090000,Còn hàng,"Laptop Văn Phòng, Laptop Gaming","AMD Ryzen AI 7 350 (8 lõi / 16 luồng, 2 GHz - 5.0 GHz, 8MB L2 Cache; 16MB L3 Cache) Up to 50 TOPS",16 GB,512 GB,"NVIDIA GeForce RTX 5070 8 GB GDDR7 VRAM, hỗ trợ 4608 NVIDIA CUDA Cores (798 AI GPU TOPs)",16 inch,2K+ (2560 x 1600),180 Hz,Li-ion Battery;76Wh 4-cell Li-ion battery;230W 5.5PHY Adapter,ACER,LAP-ACER-NITRO-S-AN16S-61-R9CN,https://gearvn.com/products/laptop-gaming-acer-nitro-s-ai-propanel-an16s-61-r9cn
"Laptop gaming Acer Nitro ProPanel ANV16S-61-R9ZV (Ryzen AI 7 350/ RTX 5060 8GB/ 32GB/ 1TB/ 16.0"" 2K+/ Win 11)",54990000,58690000,Còn hàng,"Laptop Văn Phòng, Laptop Gaming","AMD Ryzen AI 7-350 (8 lõi / 16 luồng, Up to 5 GHz, 8MB L2 Cache; 16MB L3 Cache)",32 GB,1024 GB,"NVIDIA GeForce RTX 5060 với 8 GB VRAM GDDR7 chuyên dụng, hỗ trợ 3328 lõi NVIDIA CUDA; 572 TOPS",16 inch,2K (2560 x 1600),180 Hz,Pin Li-ion 4 cell 76Wh;Bộ đổi nguồn AC 135W,ACER,LAP-ACER-NITRO-V-ANV16S-61-R9ZV,https://gearvn.com/products/laptop-gaming-acer-nitro-v-16s-propanel-anv16s-61-r9zv
"Laptop gaming Acer Predator Helios Neo 16 PHN16-I31-74MN (I7-14650HX/ RTX 5050/ 32GB/ 512GB/ 16.0"" FHD+/ Win 11)",54990000,64990000,Còn hàng,"Laptop Văn Phòng, Laptop Gaming","Intel® Core™ i7-14650HX (16 nhân, 24 luồng, turbo max 5,2GHz, 30mb)",32 GB,512 GB,NVIDIA® GeForce RTX™ 5050 with 8 GB of dedicated GDDR7 VRAM,16 inch,FHD+ (1920x1200),180 Hz,4,ACER,LAP-ACER-PRE-HELI-NEO-16-PHN16-I31-74MN,https://gearvn.com/products/laptop-gaming-acer-predator-helios-neo-16-phn16-i31-74mn
"Laptop gaming Acer Nitro ProPanel AN16S-61-R193 (Ryzen 9 365/ RTX 5070/ 16GB/ 512GB/ 16.0"" 2K/ Win 11)",59890000,64390000,Còn hàng,"Laptop Văn Phòng, Laptop Gaming","AMD Ryzen AI 9 365 (10 lõi / 20 luồng, xung nhịp cơ bản 2.0 GHz, Max Boost 5.0 GHz, 24 MB L3 Cache)",16 GB,512 GB,"NVIDIA GeForce RTX 5070 8 GB GDDR7 VRAM, hỗ trợ 4608 NVIDIA CUDA Cores",16 inch,"16"" 2K+ IPS sRGB100% 180Hz, 400nits, sRGB 100%, High-brightness Acer ComfyView™ LED-backlit TFT LCD, supporting 180 Hz, 3 ms (GTG) via LCD overdrive, Nvidia Advanced Optimus capable.16:10 aspect ratio, sRGB 100%(Typical value) Wide viewing angle Ultra-slim design",180 Hz,"76Wh 4-cell Li-ion battery, 230W 5.5PHY Adapter",ACER,LAP-ACER-NITRO-16-AN16S-61-R193,https://gearvn.com/products/laptop-gaming-acer-nitro-16-ai-propanel-an16s-61-r193
"Laptop gaming Acer Predator Helios Neo 16 PHN16-I31-72XE (I7-14650HX/ RTX 5060 8GB/ 32GB/ 512GB/ 16.0"" 2K+/ Win 11)",59890000,69990000,Còn hàng,"Laptop Văn Phòng, Laptop Gaming","Intel® Core™ i7-14650HX (16 nhân, 24 luồng, turbo max 5,2GHz, 30mb)",32 GB,512 GB,"NVIDIA® GeForce RTX™ 5060 with 8 GB of dedicated GDDR7 VRAM, 572 TOPs",16 inch,2K+ (2560x1600),180 Hz,4,ACER,LAP-ACER-PRE-HELI-NEO-16-PHN16-I31-72XE,https://gearvn.com/products/laptop-gaming-acer-predator-helios-neo-16-phn16-i31-72xe
"Laptop Acer Aspire Lite 15 AL15-46P-R73C (Ryzen 3 5400U/ 8GB/ 512GB/ 15.6"" FHD/ Win 11)",14490000,16990000,Còn hàng,Laptop Văn Phòng,Ryzen 3 5400U,8 GB,8GB,,15.6 inch,,,,ACER,LAP-ACER-ASPIRE-LITE-AL15-46P-R73C,https://gearvn.com/products/laptop-acer-aspire-lite-15-al15-46p-r73c
"Laptop Acer Aspire Lite 14 AL14-52P-309T (I3-1305U/ 8GB/ 512GB/ 14.0"" FHD/ Win 11)",14990000,15990000,Hết hàng,Laptop Văn Phòng,"Intel Core i3 Raptor Lake - 1305U (5 nhân / 6 luồng, 1.6 GHz - 4.5 GHz)",8 GB,512 GB,Intel UHD Graphics,IPS / FHD+ (1920 x 1200),,60 Hz,,ACER,LAP-ACER-ASPIRE-LITE-AL14-52P-309T,https://gearvn.com/products/laptop-acer-aspire-lite-14-al14-52p-309t
"Laptop Asus ExpertBook P1 P1403CVA-C3U08-50W (Core 3-100U/ 8GB/ 512GB/ 14"" FHD/ Win 11)",15490000,17990000,Còn hàng,Laptop Văn Phòng,"Intel Core 3 100U Processor 3.3GHz (16MB Cache, up to 4.70 GHz, 6 cores, 8 Threads)",8 GB,512 GB,Intel Graphics,IPS / FHD,,60 Hz,,ASUS,LAP-ASUS-EXPERT-P1403CVA-C3U08-50W,https://gearvn.com/products/laptop-asus-expertbook-p1403cva-c3u08-50w
"Laptop Acer Aspire Lite 15 AL15-36P-30TN (Core 3-N350/ 8GB/ 512GB/ 15.6"" FHD/ Win 11)",15990000,18690000,Còn hàng,Laptop Văn Phòng,Core 3-N350,8 GB,8GB,,15.6 inch,,,,ACER,LAP-ACER-ASPIRE-LITE-AL15-36P-30TN,https://gearvn.com/products/laptop-acer-aspire-lite-14-al15-36p-30tn
Laptop Acer Aspire Lite 15 AL15-411P-R7YP (Ryzen 3 3200U/ 8GB/ 256GB),15990000,16990000,Hết hàng,Laptop Văn Phòng,Ryzen 3 3200U,8 GB,8GB,,,,,,ACER,LAP-ACER-ASPIRE-LITE-AL15-411P-R7YP,https://gearvn.com/products/laptop-acer-aspire-lite-15-al15-411p-r7yp-ryzen-3-3200u-8gb-256gb
"Laptop Acer Aspire Lite 14 AL14-45P-R7Z3 (Ryzen 3 5400U/ 8GB/ 512GB/ 14.0"" FHD+/ Win 11)",15990000,17590000,Còn hàng,Laptop Văn Phòng,Ryzen 3 5400U,8 GB,8GB,,14.0 inch,,,,ACER,LAP-ACER-ASPIRE-LITE-AL14-45P-R7Z3,https://gearvn.com/products/laptop-acer-aspire-lite-14-al14-45p-r7z3
"Laptop gaming Acer Nitro ProPanel ANV15-42-R0QM (Ryzen 5 7640HS/ RTX 3050 6GB/ 16GB/ 512GB/ 15.6"" FHD/ Win 11)",27990000,34990000,Còn hàng,"Laptop Văn Phòng, Laptop Gaming","AMD Ryzen™ 5 7640HS (Up to 5.0 GHz / 22MB /6 nhân, 12 luồng)",16 GB,512 GB,NVIDIA® GeForce RTX™ 3050 with 6GB of dedicated GDDR6 VRAM,15.6 inch,FHD (1920x1080),180 Hz,57 Wh 4-cell Li-ion batter;135W 5.5PHY Adapter,ACER,LAP-ACER-NITRO-V-ANV15-42-R0QM,https://gearvn.com/products/laptop-gaming-acer-nitro-propanel-anv15-42-r0qm
Laptop gaming Acer Nitro ProPanel ANV15-41-R7CR (Ryzen 5 7535HS/ RTX 4050/ 16GB/ 512GB/ Win 11),27990000,30990000,Hết hàng,"Laptop Văn Phòng, Laptop Gaming",AMD Ryzen 5-7535HS (6 lõi / 12 luồng / Base Clock: 3.3 GHz / Max. Boost Clock: Up to 4.55 GHz / 3MB L2 Cache; 16MB L3 Cache),16 GB,512 GB,NVIDIA GeForce RTX 4050 6GB GDDR6,15.6 inch,Full HD (1920x1080),165 Hz,4,ACER,LAP-ACER-NITRO-V-ANV15-41-R7CR,https://gearvn.com/products/laptop-gaming-acer-nitro-v-15-propanel-anv15-41-r7cr
Laptop gaming Gigabyte A16 CMHH2VN893SH (Core i5-13420H/ GeForce RTX™ 4050/ 16GB/ 512GB/ Win 11),28790000,30790000,Còn hàng,"Laptop Văn Phòng, Laptop Gaming",Intel® Core™ i5-13420H,16 GB,512 GB,NVIDIA® GeForce RTX™ 4050 Laptop GPU 6GB GDDR6,16 inch,1920 x 1200,165 Hz,4 Cell,GIGABYTE,LAP-GIGA-A16-CMHH2VN893SH,https://gearvn.com/products/laptop-gaming-gigabyte-a16-cmhh2vn893sh
"Laptop gaming Acer Aspire 7 A715-59G-79XF (Core 7-240H/ RTX 3050 6GB/ 16GB/ 512GB/ 15.6"" FHD/ Win 11)",28990000,33990000,Hết hàng,"Laptop Văn Phòng, Laptop Gaming","Intel Core 7-240H (10 lõi / 16 luồng, 1.8 GHz - 5.2 GHz, 24 MB Intel Smart Cache)",16 GB,512 GB,NVIDIA GeForce RTX 3050 6 GB GDDR6;2560 NVIDIA CUDA Cores,15.6 inch,Full HD (1920 x 1080);Màn hình LCD TFT đèn nền LED Acer ComfyView;Góc nhìn rộng,144 Hz,54.8Wh 4-cell Li-ion battery 150W adapter,ACER,LAP-ACER-ASPIRE-7-A715-59G-79XF,https://gearvn.com/products/laptop-gaming-acer-aspire-7-a715-59g-79xf
Laptop gaming Acer Nitro ProPanel ANV15-52-73Z8 (Core 7-240H/ RTX 4050/ 16GB/ 512GB/ Win 11),33890000,40290000,Còn hàng,"Laptop Văn Phòng, Laptop Gaming","Intel® Core™ 7 240H ( 2.5 GHz - 5.2 GHz / 24MB / 10 nhân, 16 luồng )",16 GB,512 GB,"NVIDIA® GeForce RTX™ 4050 with 6 GB of dedicated GDDR6 VRAM, supporting 2560 NVIDIA® CUDA® Cores",15.6 inch,FHD (1920x1080),180 Hz,4 cell 57 Wh,ACER,LAP-ACER-NITRO-V-ANV15-52-73Z8,https://gearvn.com/products/laptop-gaming-acer-nitro-v-15-propanel-anv15-52-73z8
"Laptop gaming Acer Nitro ProPanel ANV15-52-74UM (Core 7-240H/ RTX 3050/ 16GB/ 512GB/ 15.6"" FHD/ Win 11)",30890000,36990000,Còn hàng,"Laptop Văn Phòng, Laptop Gaming","Intel Core 7-240H (10 lõi / 16 luồng, tần số cơ bản 1.8 GHz, Turbo tối đa 5.2 GHz, 24 MB Smart Cache)",16 GB,512 GB,"NVIDIA GeForce RTX 3050 6 GB GDDR6 VRAM, hỗ trợ 2560 NVIDIA CUDA Cores",15.6 inch,Full HD (1920x1080),180 Hz,57 Wh 4-cell Li-ion batter;135W 5.5PHY Adapter,ACER,LAP-ACER-NITRO-V-PRO-ANV15-52-74UM,https://gearvn.com/products/laptop-gaming-acer-nitro-v-propanel-anv15-52-74um
"Laptop gaming Acer Nitro ProPanel ANV15-52-78MD (Core 7-240H/ RTX 5050 8GB/ 16GB/ 512GB/ 15.6"" FHD/ Win 11)",38990000,39990000,Còn hàng,"Laptop Văn Phòng, Laptop Gaming",Core 7-240H,8 GB,8GB,RTX 5050,15.6 inch,,,,ACER,LAP-ACER-NITRO-ANV15-52-78MD,https://gearvn.com/products/laptop-gaming-acer-nitro-propanel-anv15-52-78md
"Laptop gaming Acer Nitro ProPanel ANV16-41-R7EN (Ryzen 7 8845HS/ RTX 3050 6GB/ 16GB/ 512GB/ 16.0"" WUXGA/ Win 11)",31790000,33090000,Hết hàng,"Laptop Văn Phòng, Laptop Gaming","AMD Ryzen™ 7 8845HS (3.8 GHz upto 5.1 GHz, 8 nhân 16 luồng, 8 MB L2 cache, up to 16 MB L3 cache)",32 GB,512 GB,NVIDIA® GeForce RTX™ 3050 with 6 GB of dedicated GDDR6 VRAM,16 inch,"1920 x 1200, 300nits",165 Hz,"4 Cell, 57WHr",ACER,LAP-ACER-NITRO-V-ANV16-41-R7EN,https://gearvn.com/products/laptop-gaming-acer-nitro-v-anv16-41-r7en
"Laptop gaming Acer Nitro ProPanel ANV16-72-71T9 (Core 7-240H/ RTX 5060/ 16GB/ 512GB/ 16.0"" FHD/ Win 11)",40990000,41990000,Còn hàng,"Laptop Văn Phòng, Laptop Gaming","Intel Core 7-240H (10 lõi / 16 luồng, 1.8 GHz - 5.2 GHz, 24 MB Intel Smart Cache)",16 GB,512 GB,"NVIDIA GeForce RTX 5060 8 GB GDDR7, hỗ trợ 3328 NVIDIA CUDA Cores",16 inch,FHD+ (1920 × 1200) (tỷ lệ 16:10),180 Hz,76 Wh 4-cell Li-ion batter 135W 5.5PHY Adapter,ACER,LAP-ACER-NITRO-ANV16-72-71T9,https://gearvn.com/products/laptop-gaming-acer-nitro-propanel-anv16-72-71t9
Laptop gaming Acer Predator Helios PHN16-73-757W (Ultra 7-255HX/ RTX 5060/ 32GB/ 1TB/ Win 11),60990000,62990000,Còn hàng,"Laptop Văn Phòng, Laptop Gaming","Intel Core Ultra 7 255HX (20 lõi / 20 luồng, Efficient-core Max Turbo Frequency : 4.5 GHz, Performance-core Max Turbo Frequency : 5.2 GHz, 30MB Cache)",32 GB,1024 GB,"NVIDIA GeForce RTX 5060 với 8 GB VRAM GDDR7 chuyên dụng, hỗ trợ 3328 lõi NVIDIA CUDA; 572 TOPS",16 inch,2K (2560 x 1600),240 Hz,Pin Li-ion 4 cell 90Wh;Bộ đổi nguồn AC 230W,ACER,LAP-ACER-PRE-HELI-PHN16-73-757W,https://gearvn.com/products/laptop-gaming-acer-predator-helios-phn16-73-757w
Laptop gaming MSI Stealth A16 AI+ A3XWHG 085VN,67690000,73990000,Hết hàng,"Laptop Văn Phòng, Laptop Gaming",AMD Ryzen™ 7 7840HS,16 GB,1024 GB,NVIDIA® GeForce RTX™ 4060 Laptop GPU,16 inch,,,,Không thương hiệu,LAP-MSI-STEALTH-A16-A3XWHG-085VN,https://gearvn.com/products/laptop-gaming-msi-stealth-a16-ai-a3xwhg-085vn
"Laptop gaming Acer Predator Helios Neo 16S PHN16S-I51-98CX (Ultra 9-386H/ RTX 5060 8GB/ 16GB/ 512GB/ 16.0"" 2K+ OLED/ Win 11)",72690000,80290000,Còn hàng,"Laptop Văn Phòng, Laptop Gaming","Intel® Core™ Ultra 9 Processor 386H (18MB Cache, 2.1 GHz up to 4.9 GHz, 16 nhân, 16 luồng); Intel® NPU up to 50TOPS",16 GB,512 GB,NVIDIA® GeForce RTX™ 5060 with 8 GB of dedicated GDDR7 VRAM,16 inch,2K+ (2560x1600),165 Hz,4,ACER,LAP-ACER-PRE-HELI-NEO-16S-PHN16S-I51-98CX,https://gearvn.com/products/laptop-gaming-acer-predator-helios-neo-16s-phn16s-i51-98cx
"Laptop gaming Acer Predator Helios Neo 16S PHN16S-I51-97T9 (Ultra 9-386H/ RTX 5070 8GB/ 16GB/ 512GB/ 16.0"" 2K+ OLED/ Win 11)",73990000,83590000,Còn hàng,"Laptop Văn Phòng, Laptop Gaming","Intel® Core™ Ultra 9 Processor 386H (18MB Cache, 2.1 GHz up to 4.9 GHz, 16 nhân, 16 luồng); Intel® NPU up to 50TOPS",16 GB,512 GB,NVIDIA® GeForce RTX™ 5070 with 8 GB of dedicated GDDR7 VRAM,16 inch,2K+ (2560x1600),165 Hz,4,ACER,LAP-ACER-PRE-HELI-NEO-16S-PHN16S-I51-97T9,https://gearvn.com/products/laptop-gaming-acer-predator-helios-neo-16s-phn16s-i51-97t9
"Laptop gaming MSI Stealth 16 AI+ B3WF-007VN (Ultra 9-386H/ RTX 5060/ 32GB/ 1TB/ 16"" QHD+ OLED/ Win 11)",79990000,80990000,Hết hàng,"Laptop Văn Phòng, Laptop Gaming","Intel® Core™ Ultra 9-386H (2.1 GHz - 4.9 GHz / 18MB / 16 nhân, 16 luồng), Intel AI",32 GB,1024 GB,"NVIDIA® GeForce RTX™ 5060 Laptop 8GB GDDR7;Sức mạnh tính toán AI mạnh mẽ với 572 AI TOPS;Xung boost tối đa 2497MHz, công suất tiêu thụ tối đa 115W với Dynamic Boost",16 inch,"QHD+ (2560x1600) 16:10, Màn hình gương",240 Hz,4 cell / 90 Whr,MSI,LAP-MSI-STEALTH-16-AI-B3WG-007VN,https://gearvn.com/products/laptop-gaming-msi-stealth-16-ai-b3wg-007vn
"Laptop gaming MSI Stealth 16 AI+ B3WG-008VN (Ultra 9-386H/ RTX 5070 8GB/ 32GB/ 1TB/ 16"" QHD+ OLED/ Win 11)",83000000,85990000,Hết hàng,"Laptop Văn Phòng, Laptop Gaming","Intel® Core™ Ultra 9-386H (2.1 GHz - 4.9 GHz / 18MB / 16 nhân, 16 luồng), Intel AI",32 GB,1024 GB,"NVIDIA® GeForce RTX™ 5070 Laptop 8GB GDDR7;Sức mạnh tính toán AI mạnh mẽ với 798 AI TOPS;Xung boost tối đa 2347MHz, công suất tiêu thụ tối đa 115W với Dynamic Boost.",16 inch,"QHD+ (2560x1600) 16:10, Màn hình gương",240 Hz,4 cell / 90 Whr,MSI,LAP-MSI-STEALTH-16-AI-B3WG-008VN,https://gearvn.com/products/laptop-gaming-msi-stealth-16-ai-b3wg-008vn
"Laptop Acer Aspire Lite 15 AL15-49P-R6XX (Ryzen 5 7430U/ 8GB/ 512GB/15.6""/ Win 11)",17690000,20990000,Còn hàng,Laptop Văn Phòng,Ryzen 5 7430U,8 GB,8GB,,15.6 inch,,,,ACER,LAP-ACER-ASPIRE-LITE-AL15-49P-R6XX,https://gearvn.com/products/laptop-acer-aspire-lite-15-al15-49p-r6xx-ryzen-5-7430u-8gb-512gb-15-6-win-11
"Laptop Acer Aspire Lite 15 AL15-21P-R87W (Ryzen 3 30/ 8GB/ 512GB/ 15.6"" FHD/ Win 11)",17990000,19790000,Còn hàng,Laptop Văn Phòng,Ryzen 3 30,8 GB,8GB,,15.6 inch,,,,ACER,LAP-ACER-ASPIRE-LITE-AL15-21P-R87W,https://gearvn.com/products/laptop-acer-aspire-lite-15-al15-21p-r87w
Laptop Acer Aspire Lite 15 AL15-411P-R1CM (Ryzen 5 3500U/ 8GB/ 256GB),17990000,18990000,Hết hàng,Laptop Văn Phòng,Ryzen 5 3500U,8 GB,8GB,,,,,,ACER,LAP-ACER-ASPIRE-LITE-AL15-411P-R1CM,https://gearvn.com/products/laptop-acer-aspire-lite-15-al15-411p-r1cm-ryzen-5-3500u-8gb-256gb
Laptop Acer Aspire Lite 15 AL15-48P-R86Q (Ryzen 7 5825U/ 8GB/ 512GB/ Win 11),18990000,20490000,Còn hàng,Laptop Văn Phòng,AMD Ryzen 7 5825U (8 cores / 16 threads / 2.0 GHz - up to 4.5 GHz / 16MB Cache),8 GB,512 GB,AMD Radeon Graphics,IPS; ComfyView chống chói; Full HD; SlimBezel; 16:9,,60 Hz,,ACER,LAP-ACER-ASPIRE-LITE-15-AL15-48P-R86Q,https://gearvn.com/products/laptop-acer-aspire-lite-15-al15-48p-r86q-ryzen-7-5825u-8gb-512gb-windows-11-home-sl
"Laptop gaming Acer Nitro V 15 ANV15-41-R2UP (Ryzen 5 6600H/ RTX 2050 4GB/ 16GB/ 512GB/ 15.6"" FHD/ Win 11)",25990000,,Hết hàng,"Laptop Văn Phòng, Laptop Gaming","AMD Ryzen™ 5 6600H ( 6 Nhân, 12 Luồng, Up to 4.5 GHz) 3 MB L2 cache, up to 16 MB L3 cache",16 GB,512 GB,"NVIDIA® GeForce RTX™ 2050 with 4 GB of dedicated GDDR6 VRAM, supporting 2048 NVIDIA® CUDA® Cores",15.6 inch,Full HD (1920x1080),165 Hz,"4 Cell, 57Whr",ACER,LAP-ACER-NITRO-V-ANV15-41-R2UP,https://gearvn.com/products/laptop-gaming-acer-nitro-v-15-anv15-41-r2up
"Laptop Asus ExpertBook P1403CVA-I516-50W (I5-13420H/ 16GB/ 512GB/ 14"" FHD/ Win 11)",17590000,,Còn hàng,Laptop Văn Phòng,"Intel Core i5-13420H (12 MB, up to 4.6 GHz, 8 cores, 12 Threads)",16 GB,512 GB,Intel® Graphics,IPS / FHD,,,,ASUS,LAP-ASUS-EXPERT-P1403CVA-I516-50W,https://gearvn.com/products/laptop-asus-expertbook-p1403cva-i516-50w
"Laptop gaming Lenovo Legion Pro 7 16IAX10H 83F500JGVN (Ultra 9-275HX/ RTX 5070 Ti/ 32GB/ 1TB/ 16"" OLED 240Hz/ Win 11)",115990000,117990000,Hết hàng,Laptop Gaming,"Intel Core Ultra 9-275HX (Max Turbo up to 5.4GHz / 36MB / 24 nhân, 24 luồng);Intel AI Boost, up to 13 TOPS",32 GB,1024 GB,"NVIDIA GeForce RTX 5070 Ti 12GB GDDR7, Boost Clock 2220MHz, TGP 140W, 992 AI TOPS",16 inch,QHD+ (2560 x 1600),240 Hz,"80Wh, 400W Slim Tip (3-pin)",LENOVO,LAP-LENOVO-LEGION-PRO-7-16IAX10H-83F500JGVN,https://gearvn.com/products/laptop-gaming-lenovo-legion-pro-7-16iax10h-83f500jgvn
Laptop gaming Acer Predator Triton 14 AI PT14-52T-99TU (Ultra 9-288V/ RTX 5070/ 32GB/ 2TB/ Win 11),93890000,,Còn hàng,Laptop Gaming,"Intel® Core™ Ultra 9 288V (8 nhân 8 luồng, Max Turbo ~5.1 GHz, 12 MB Intel Smart Cache)",32 GB,2048 GB,NVIDIA® GeForce RTX™ 5070 8 GB GDDR7 (798 AI TOPS),14.5 inch,3K (2880 × 1800),120 Hz,4,ACER,LAP-ACER-PRE-TRITON-14-PT14-52T-99TU,https://gearvn.com/products/laptop-gaming-acer-predator-triton-14-ai-pt14-52t-99tu
